id,first_name,last_name,email,gender,ip_address
1,Hebert,Atlay,hatlay0@upenn.edu,Male,77.5.85.24
2,Peyton,Dongall,pdongall1@sohu.com,Male,156.51.38.157
3,Fred,O'Sharry,fosharry2@taobao.com,Female,236.81.49.170
4,Amalea,Beynon,abeynon3@photobucket.com,Female,83.57.110.147
5,Faydra,McAnellye,fmcanellye4@nymag.com,Female,232.41.198.224
6,Samantha,Fury,sfury5@foxnews.com,Female,138.191.45.50
7,Wileen,Doudny,wdoudny6@jimdo.com,Female,8.21.202.104
8,Tabbatha,Surr,tsurr7@hibu.com,Female,228.184.158.243
9,Kippy,Caven,kcaven8@theatlantic.com,Female,73.53.143.146
10,Darcy,Byard,dbyard9@de.vu,Male,130.90.195.249
11,Egbert,Oxlade,eoxladea@nps.gov,Polygender,49.104.157.14
12,Olag,Robbert,orobbertb@smugmug.com,Male,88.82.178.244
13,Michal,Forryan,mforryanc@fema.gov,Male,209.183.110.100
14,Nikkie,Tomanek,ntomanekd@technorati.com,Female,180.90.68.230
15,Greggory,Alekhov,galekhove@samsung.com,Male,119.61.184.199
16,Lusa,Magauran,lmagauranf@tumblr.com,Female,151.7.209.122
17,Cory,Umbers,cumbersg@geocities.jp,Male,48.99.121.255
18,Brendin,Clarkin,bclarkinh@e-recht24.de,Male,14.121.205.253
19,Wilden,Asprey,waspreyi@marriott.com,Agender,79.163.28.42
20,Barnabas,Naul,bnaulj@google.pl,Male,17.244.110.95
21,Marne,Spurden,mspurdenk@ted.com,Female,125.65.159.75
22,Cliff,Southernwood,csouthernwoodl@un.org,Male,29.71.0.112
23,Milo,Ellwood,mellwoodm@theglobeandmail.com,Male,204.251.51.214
24,Clarance,McEntee,cmcenteen@phpbb.com,Male,205.55.129.207
25,Ezri,Dedney,ededneyo@baidu.com,Male,185.167.81.190
26,Aurthur,McAvinchey,amcavincheyp@craigslist.org,Male,208.163.7.120
27,Grantham,Cowerd,gcowerdq@mlb.com,Male,154.159.168.233
28,Araldo,Raulstone,araulstoner@npr.org,Male,84.76.49.114
29,Chelsea,Halsted,chalsteds@forbes.com,Female,24.94.190.246
30,Dorelle,Voysey,dvoyseyt@altervista.org,Female,161.238.22.105
31,Babs,Crufts,bcruftsu@behance.net,Female,21.204.20.82
32,Roobbie,Gerding,rgerdingv@studiopress.com,Female,9.187.190.12
33,Merry,Fernan,mfernanw@arizona.edu,Male,13.99.0.200
34,Celinka,Arnecke,carneckex@plala.or.jp,Female,92.24.235.82
35,Winnie,Branthwaite,wbranthwaitey@skype.com,Female,165.115.82.89
36,Vincenty,Bollen,vbollenz@infoseek.co.jp,Male,205.119.108.153
37,Antonin,Dempsey,adempsey10@domainmarket.com,Male,6.51.216.227
38,Rhianna,Wetherburn,rwetherburn11@newyorker.com,Female,38.12.195.37
39,Myrtie,Bampton,mbampton12@vkontakte.ru,Female,139.60.168.192
40,Saxon,Adami,sadami13@163.com,Male,31.107.87.121
41,Joannes,Wadwell,jwadwell14@mail.ru,Female,43.205.12.67
42,Verla,Karpushkin,vkarpushkin15@ox.ac.uk,Female,246.24.222.220
43,Marcos,Senchenko,msenchenko16@unblog.fr,Male,35.45.22.136
44,Aharon,Muzzillo,amuzzillo17@dion.ne.jp,Male,63.142.107.133
45,Goran,Bloss,gbloss18@amazon.co.uk,Male,145.153.20.133
46,Jamison,Le Gassick,jlegassick19@creativecommons.org,Male,36.198.136.194
47,Murdock,Devigne,mdevigne1a@flavors.me,Male,114.37.221.247
48,Glen,Shawel,gshawel1b@cpanel.net,Genderfluid,249.248.84.189
49,Bathsheba,Baignard,bbaignard1c@qq.com,Female,83.229.97.91
50,Dolph,Coalbran,dcoalbran1d@nydailynews.com,Male,202.231.157.71
51,Johan,Worvill,jworvill1e@desdev.cn,Male,65.253.199.171
52,Wallis,De Maine,wdemaine1f@51.la,Male,91.236.166.2
53,Ignace,O'Crotty,iocrotty1g@upenn.edu,Male,242.251.0.133
54,Kelly,Kolak,kkolak1h@wufoo.com,Female,222.244.81.147
55,Orrin,De Freitas,odefreitas1i@odnoklassniki.ru,Male,174.66.222.165
56,Emylee,Reily,ereily1j@de.vu,Female,202.44.62.3
57,Anjela,Juzek,ajuzek1k@over-blog.com,Female,250.127.171.204
58,Giralda,Canet,gcanet1l@unesco.org,Female,36.38.149.37
59,Joyann,Clubley,jclubley1m@angelfire.com,Female,128.24.168.58
60,Orin,Woolger,owoolger1n@freewebs.com,Male,235.254.184.90
61,Chloe,Bompass,cbompass1o@harvard.edu,Female,119.111.66.46
62,Findlay,Skeat,fskeat1p@ftc.gov,Male,22.228.85.228
63,Rochette,MacCarter,rmaccarter1q@zdnet.com,Female,137.106.179.153
64,Pamelina,Patis,ppatis1r@jigsy.com,Female,234.220.208.147
65,Gerrie,McClinton,gmcclinton1s@51.la,Female,24.198.165.241
66,Cart,Drance,cdrance1t@sphinn.com,Male,173.44.116.85
67,Petronilla,Grima,pgrima1u@biglobe.ne.jp,Female,163.233.245.70
68,Louella,Balas,lbalas1v@ihg.com,Female,149.154.134.154
69,Zarla,Rawle,zrawle1w@senate.gov,Female,39.167.45.186
70,Fifi,Threadgould,fthreadgould1x@ca.gov,Female,200.20.112.0
71,Ellswerth,Dickie,edickie1y@addtoany.com,Male,65.19.226.70
72,Gwyneth,Aylmer,gaylmer1z@un.org,Female,132.81.228.60
73,Fabien,Murrill,fmurrill20@w3.org,Male,102.45.71.45
74,Aindrea,MacMillan,amacmillan21@google.nl,Female,78.145.112.75
75,Conant,Rexworthy,crexworthy22@mysql.com,Male,80.148.13.7
76,Adham,Nussey,anussey23@uol.com.br,Male,216.235.77.206
77,Bliss,Raff,braff24@over-blog.com,Female,124.176.191.159
78,Hayden,Hardware,hhardware25@microsoft.com,Male,46.208.236.23
79,Jory,Guilaem,jguilaem26@arstechnica.com,Male,1.143.254.244
80,Tiebout,Puttock,tputtock27@hugedomains.com,Male,133.245.79.77
81,Kizzie,Dew,kdew28@trellian.com,Female,74.217.104.174
82,Chris,Dairton,cdairton29@mit.edu,Bigender,173.204.198.132
83,Karie,McBryde,kmcbryde2a@cdbaby.com,Non-binary,58.55.187.29
84,Barbette,Abramovicz,babramovicz2b@cdc.gov,Female,28.81.54.146
85,Cornelius,Applin,capplin2c@cbc.ca,Male,11.241.54.194
86,Alden,Greenlies,agreenlies2d@adobe.com,Male,174.103.6.164
87,Koren,Stuer,kstuer2e@ow.ly,Female,57.171.217.129
88,Glori,Grebner,ggrebner2f@squidoo.com,Female,219.91.252.114
89,Jerrold,Jopling,jjopling2g@1und1.de,Male,95.181.3.175
90,Carlotta,Bown,cbown2h@artisteer.com,Female,189.90.225.85
91,Eba,Berndsen,eberndsen2i@youku.com,Female,93.205.156.102
92,Jenna,Kolodziej,jkolodziej2j@google.com.hk,Female,46.232.87.12
93,Fanechka,Ungaretti,fungaretti2k@goo.gl,Female,68.19.245.69
94,Berenice,McEntee,bmcentee2l@craigslist.org,Female,134.90.253.161
95,Julita,Girardet,jgirardet2m@archive.org,Female,4.130.70.43
96,Dickie,Bissex,dbissex2n@forbes.com,Male,158.25.179.6
97,Ragnar,Sabates,rsabates2o@mail.ru,Male,30.226.191.182
98,Chalmers,Swyer-Sexey,cswyersexey2p@goo.gl,Male,210.102.220.110
99,Neil,Le land,nleland2q@smh.com.au,Male,42.132.203.33
100,Vania,Eccleston,veccleston2r@psu.edu,Female,228.254.18.51
101,Mic,Innes,minnes2s@youtu.be,Male,254.224.98.187
102,Halie,De la Eglise,hdelaeglise2t@unicef.org,Female,35.1.73.42
103,Etienne,Benedicto,ebenedicto2u@sfgate.com,Male,77.51.56.120
104,Maximo,Hartness,mhartness2v@sina.com.cn,Male,163.180.166.179
105,Lee,Landsborough,llandsborough2w@google.com.br,Male,49.3.251.69
106,Kimberly,Bussy,kbussy2x@linkedin.com,Female,97.37.13.25
107,Octavius,Evenden,oevenden2y@oaic.gov.au,Male,161.18.65.203
108,Kincaid,Reinbach,kreinbach2z@slate.com,Male,214.172.137.59
109,Suzanna,Sarfati,ssarfati30@odnoklassniki.ru,Female,34.125.163.106
110,Seumas,Hanford,shanford31@exblog.jp,Male,236.62.203.168
111,Willey,Hinsch,whinsch32@gravatar.com,Male,95.84.102.115
112,Rodrick,Tregidga,rtregidga33@addthis.com,Male,60.77.127.67
113,Rachele,Armour,rarmour34@nps.gov,Female,70.30.200.141
114,Kanya,Ascrofte,kascrofte35@bravesites.com,Female,100.153.243.203
115,Jecho,Haselup,jhaselup36@hud.gov,Male,221.87.24.244
116,Dionne,Tritton,dtritton37@posterous.com,Female,84.193.32.175
117,Delmer,Ghidotti,dghidotti38@slashdot.org,Male,24.53.57.20
118,Cara,Showt,cshowt39@sogou.com,Female,116.25.149.221
119,Curtice,Castellanos,ccastellanos3a@istockphoto.com,Male,155.2.2.14
120,Anabella,Gatherell,agatherell3b@nih.gov,Female,107.205.38.233
121,Cletis,Dreamer,cdreamer3c@altervista.org,Male,130.237.57.223
122,Willie,Lawtie,wlawtie3d@unblog.fr,Male,96.5.123.244
123,L;urette,Giacopetti,lgiacopetti3e@liveinternet.ru,Female,27.97.94.65
124,Ollie,Dredge,odredge3f@telegraph.co.uk,Female,185.117.9.134
125,Nikolas,Cuphus,ncuphus3g@networksolutions.com,Male,20.105.180.183
126,Alex,Roon,aroon3h@europa.eu,Female,45.88.105.251
127,Peg,Sertin,psertin3i@blogspot.com,Female,159.231.102.186
128,Neel,Vant,nvant3j@whitehouse.gov,Male,173.244.34.114
129,Lindsey,Froud,lfroud3k@drupal.org,Female,184.43.85.28
130,Fionna,Fudge,ffudge3l@mashable.com,Female,114.98.114.75
131,Arron,Oattes,aoattes3m@wikipedia.org,Male,157.61.130.62
132,Cherrita,Yancey,cyancey3n@ucla.edu,Genderfluid,250.18.236.129
133,Martita,Mailes,mmailes3o@dagondesign.com,Female,19.254.235.85
134,Betteann,Asty,basty3p@plala.or.jp,Female,67.147.96.154
135,Felita,Jeppe,fjeppe3q@aol.com,Female,180.100.95.87
136,Bard,Tapner,btapner3r@wufoo.com,Male,147.73.106.72
137,Hebert,Ecclestone,hecclestone3s@cisco.com,Male,156.253.231.7
138,Bliss,Kay,bkay3t@msn.com,Female,180.195.229.26
139,Ross,Maiden,rmaiden3u@theguardian.com,Male,39.127.252.126
140,Elinor,Arthan,earthan3v@google.com.au,Female,12.190.31.124
141,Sophey,Titcom,stitcom3w@wufoo.com,Agender,246.211.178.41
142,Bibi,Gethouse,bgethouse3x@amazon.de,Female,167.57.184.83
143,Nicola,Heintsch,nheintsch3y@is.gd,Female,45.190.114.248
144,Daveen,Raynard,draynard3z@slashdot.org,Female,55.115.120.240
145,Lennie,Willey,lwilley40@ifeng.com,Male,19.4.176.213
146,Raymund,Scrine,rscrine41@mit.edu,Male,105.64.96.196
147,Eamon,Ollivierre,eollivierre42@businessweek.com,Polygender,245.37.166.7
148,Hermon,Addinall,haddinall43@ft.com,Male,57.145.125.97
149,Regen,Deniso,rdeniso44@360.cn,Male,80.184.11.103
150,Robbert,MacEnelly,rmacenelly45@stumbleupon.com,Male,181.221.106.192
151,Anabel,Alker,aalker46@skyrock.com,Female,170.149.69.184
152,Roderic,Dunlea,rdunlea47@thetimes.co.uk,Male,63.180.94.42
153,Arther,Bletsor,abletsor48@hao123.com,Male,169.208.127.176
154,Joane,Kingswold,jkingswold49@google.com,Female,181.84.156.36
155,Leanna,Shemilt,lshemilt4a@cbslocal.com,Female,134.29.158.158
156,Ellery,Kave,ekave4b@bravesites.com,Male,105.97.144.194
157,Goddard,Puckham,gpuckham4c@msn.com,Male,168.194.220.17
158,Abram,Stelljes,astelljes4d@cocolog-nifty.com,Genderqueer,44.202.49.205
159,Marcille,Knevet,mknevet4e@ning.com,Female,7.94.185.168
160,Arthur,Russe,arusse4f@salon.com,Male,113.117.245.204
161,Lira,Reisen,lreisen4g@tinypic.com,Female,102.190.242.16
162,Latisha,Kibbee,lkibbee4h@webnode.com,Female,111.81.96.166
163,Tremain,Donavan,tdonavan4i@who.int,Male,172.106.48.224
164,Ingelbert,Gehring,igehring4j@amazon.co.uk,Male,237.61.144.180
165,Sapphira,Hatherell,shatherell4k@linkedin.com,Polygender,39.94.148.37
166,Livvyy,Giovannoni,lgiovannoni4l@amazonaws.com,Female,14.172.64.103
167,Flinn,Douglass,fdouglass4m@people.com.cn,Male,125.130.204.170
168,Anallise,Ebsworth,aebsworth4n@php.net,Female,196.23.238.171
169,Colet,Attril,cattril4o@tamu.edu,Male,226.109.13.85
170,Leelah,Priscott,lpriscott4p@blogspot.com,Female,143.162.140.239
171,Jasen,Gaynesford,jgaynesford4q@ow.ly,Male,126.132.161.204
172,Brockie,Guirau,bguirau4r@printfriendly.com,Male,201.197.77.171
173,Jeri,Ormond,jormond4s@diigo.com,Female,93.238.2.97
174,Charo,Ducaen,cducaen4t@jiathis.com,Female,245.17.149.157
175,Reggy,Borrott,rborrott4u@stanford.edu,Genderqueer,161.233.255.37
176,Andee,Giacometti,agiacometti4v@google.de,Female,101.102.31.94
177,Antonina,Cornock,acornock4w@trellian.com,Female,147.73.104.59
178,Cathee,Saye,csaye4x@slate.com,Female,86.38.147.91
179,Brana,Brookwood,bbrookwood4y@unc.edu,Female,227.145.244.121
180,Aloysia,Dury,adury4z@networkadvertising.org,Female,58.39.252.153
181,Miof mela,Sawyer,msawyer50@qq.com,Female,11.184.143.221
182,Sholom,Imesson,simesson51@wikispaces.com,Polygender,45.43.4.33
183,Ara,Pabst,apabst52@umn.edu,Male,227.56.209.163
184,Libbi,Tewkesbury.,ltewkesbury53@amazon.co.uk,Female,113.140.208.216
185,Hunt,Meletti,hmeletti54@ow.ly,Male,80.116.143.129
186,Allard,Rey,arey55@usda.gov,Male,172.135.33.43
187,Mickey,Rosi,mrosi56@thetimes.co.uk,Male,219.240.11.159
188,Parke,Bartol,pbartol57@foxnews.com,Agender,246.198.116.111
189,Marabel,Georgins,mgeorgins58@plala.or.jp,Female,120.238.255.191
190,Dora,Scryne,dscryne59@google.com,Female,235.237.57.77
191,Matias,Wards,mwards5a@flavors.me,Male,66.92.191.172
192,Adele,Castillon,acastillon5b@t-online.de,Female,168.131.241.244
193,Karlee,Couvert,kcouvert5c@marriott.com,Female,216.94.30.63
194,Gardener,von Nassau,gvonnassau5d@fc2.com,Male,87.132.18.234
195,Kerry,Cudbertson,kcudbertson5e@studiopress.com,Male,245.233.223.201
196,Dan,Powell,dpowell5f@wikipedia.org,Male,83.226.186.199
197,Umeko,Petrelluzzi,upetrelluzzi5g@bbb.org,Female,69.239.18.45
198,Rodrick,Roubeix,rroubeix5h@usnews.com,Male,240.16.37.59
199,Tarah,Mecco,tmecco5i@adobe.com,Female,138.97.17.0
200,Hale,Daughtery,hdaughtery5j@webs.com,Male,95.141.232.61
201,Bonnie,Harrow,bharrow5k@tiny.cc,Female,33.169.93.233
202,Ignace,Mapam,imapam5l@discuz.net,Male,112.179.186.215
203,Bonita,Atte-Stone,battestone5m@flavors.me,Female,91.171.190.136
204,James,McPaik,jmcpaik5n@bbb.org,Male,156.159.66.11
205,Adolf,Godsafe,agodsafe5o@ted.com,Male,86.216.219.42
206,Olva,Casiero,ocasiero5p@desdev.cn,Polygender,79.232.15.215
207,Leda,Bonner,lbonner5q@cnet.com,Female,239.63.163.205
208,Tove,Chew,tchew5r@yellowbook.com,Female,137.26.184.45
209,Alecia,Peye,apeye5s@creativecommons.org,Female,212.162.100.244
210,Lewes,Fudge,lfudge5t@chronoengine.com,Male,184.79.154.33
211,Leeanne,Nolleau,lnolleau5u@fastcompany.com,Female,235.61.254.13
212,Carlie,Canny,ccanny5v@over-blog.com,Female,203.55.117.85
213,Kele,Folling,kfolling5w@wiley.com,Male,47.13.239.221
214,Brendis,De Bischop,bdebischop5x@dmoz.org,Male,120.94.255.26
215,Reuben,Mercey,rmercey5y@springer.com,Male,189.128.60.45
216,Giles,Leat,gleat5z@printfriendly.com,Male,88.117.77.71
217,Ara,Connechie,aconnechie60@gov.uk,Male,90.10.220.189
218,Francyne,Rosi,frosi61@miibeian.gov.cn,Female,235.245.53.241
219,Allen,Vautrey,avautrey62@cloudflare.com,Male,94.65.152.149
220,Rufus,Trevaskus,rtrevaskus63@house.gov,Male,43.85.234.19
221,Earlie,Jory,ejory64@diigo.com,Male,50.123.224.178
222,Hardy,Dobing,hdobing65@dot.gov,Male,99.8.51.105
223,Tymothy,Frangleton,tfrangleton66@photobucket.com,Male,18.249.80.185
224,Lind,Guiraud,lguiraud67@ehow.com,Female,186.169.192.25
225,Shandra,Izacenko,sizacenko68@a8.net,Female,235.79.147.27
226,Frank,Paolino,fpaolino69@reuters.com,Male,101.224.233.192
227,Jerrie,Nowill,jnowill6a@sitemeter.com,Female,93.204.79.149
228,Jemima,Farncombe,jfarncombe6b@mapquest.com,Female,24.173.128.125
229,Freddy,Avrahm,favrahm6c@tuttocitta.it,Male,227.96.112.121
230,Lavena,Degg,ldegg6d@tiny.cc,Female,84.223.71.82
231,Arlen,Heath,aheath6e@google.nl,Bigender,156.39.18.10
232,Cam,Rumsey,crumsey6f@merriam-webster.com,Male,101.204.169.61
233,Jack,Corkitt,jcorkitt6g@bbc.co.uk,Male,119.166.42.251
234,Turner,Ridel,tridel6h@pen.io,Male,195.150.236.104
235,Blithe,Barts,bbarts6i@pen.io,Female,124.122.243.201
236,Gert,Chinnock,gchinnock6j@topsy.com,Female,218.230.128.137
237,Honey,Meade,hmeade6k@angelfire.com,Female,57.27.17.197
238,Parke,Westrope,pwestrope6l@themeforest.net,Male,242.63.134.29
239,Waldo,Kleyn,wkleyn6m@intel.com,Male,173.87.79.118
240,Trudey,Traice,ttraice6n@amazon.de,Female,196.230.206.105
241,Haywood,Franzonello,hfranzonello6o@google.cn,Male,73.152.139.132
242,Regina,Eles,reles6p@cam.ac.uk,Female,230.92.162.238
243,Guilbert,Schwandermann,gschwandermann6q@last.fm,Male,179.26.75.134
244,Ivor,Essame,iessame6r@bbb.org,Male,228.255.179.39
245,Sayers,Stickland,sstickland6s@mapquest.com,Male,61.57.36.148
246,Kienan,Dymick,kdymick6t@wp.com,Polygender,1.145.23.232
247,Salomone,Maker,smaker6u@sourceforge.net,Male,13.34.23.14
248,Roger,Simoncello,rsimoncello6v@youtu.be,Male,50.34.97.220
249,Temp,Gillard,tgillard6w@hugedomains.com,Male,209.157.139.79
250,Chester,Cowper,ccowper6x@omniture.com,Male,182.123.104.167
251,Winfield,Raffan,wraffan6y@baidu.com,Male,181.130.83.178
252,Budd,Dobbie,bdobbie6z@reddit.com,Male,97.80.219.41
253,Jordanna,Guyonneau,jguyonneau70@imageshack.us,Polygender,180.4.204.3
254,Catha,Mawer,cmawer71@yahoo.com,Female,36.236.99.249
255,Berta,Ansteys,bansteys72@cafepress.com,Female,112.175.50.194
256,Jonas,Joist,jjoist73@umich.edu,Male,130.166.33.222
257,Charis,Hatchman,chatchman74@comcast.net,Agender,130.2.227.75
258,Charleen,Ould,could75@vinaora.com,Female,12.74.176.3
259,Liana,Kilbride,lkilbride76@japanpost.jp,Female,230.126.48.134
260,Perry,Rusk,prusk77@google.com.br,Male,118.237.197.218
261,Anson,Hanington,ahanington78@creativecommons.org,Male,86.14.145.15
262,Othilie,Boughen,oboughen79@163.com,Female,69.68.94.138
263,Manfred,Karpeev,mkarpeev7a@zimbio.com,Bigender,21.159.182.63
264,Rafi,Guerrazzi,rguerrazzi7b@statcounter.com,Male,192.34.29.21
265,Bellanca,Cicullo,bcicullo7c@newyorker.com,Female,3.245.46.214
266,Micheal,Grimwad,mgrimwad7d@vinaora.com,Male,253.24.107.117
267,Ruthann,Le feaver,rlefeaver7e@ftc.gov,Female,86.123.10.136
268,Jeniffer,Shortin,jshortin7f@upenn.edu,Female,211.152.95.194
269,Danell,Watting,dwatting7g@reddit.com,Female,192.142.108.22
270,Guenevere,Kingswood,gkingswood7h@columbia.edu,Female,254.13.70.146
271,Vivi,de Nore,vdenore7i@amazon.com,Female,57.222.252.149
272,Orelie,Ranking,oranking7j@nationalgeographic.com,Female,35.88.140.170
273,Ricoriki,Gann,rgann7k@hud.gov,Male,192.207.16.13
274,Ennis,Anshell,eanshell7l@rambler.ru,Male,239.63.209.193
275,Belinda,McGonigal,bmcgonigal7m@nydailynews.com,Female,149.244.221.225
276,Normy,Ducket,nducket7n@slate.com,Male,165.177.253.163
277,Gabey,Toe,gtoe7o@nature.com,Female,222.6.231.76
278,Alyssa,Candelin,acandelin7p@bizjournals.com,Female,48.231.236.8
279,Zackariah,Francesco,zfrancesco7q@google.co.uk,Male,17.146.254.126
280,Cory,Crebo,ccrebo7r@biglobe.ne.jp,Female,156.176.134.199
281,Philip,Devanny,pdevanny7s@reddit.com,Male,217.75.141.212
282,Viki,Brassington,vbrassington7t@mit.edu,Female,156.28.130.228
283,Winnie,Eymer,weymer7u@fda.gov,Male,187.96.82.138
284,Nehemiah,Szantho,nszantho7v@dyndns.org,Male,137.160.179.198
285,Ange,Docket,adocket7w@pagesperso-orange.fr,Female,49.231.139.120
286,Aggi,Waltho,awaltho7x@house.gov,Female,144.107.126.104
287,Shep,Muress,smuress7y@scribd.com,Male,197.67.58.234
288,Kiri,Akett,kakett7z@microsoft.com,Female,243.88.113.101
289,Jesse,Hutson,jhutson80@joomla.org,Male,219.59.111.27
290,Gerald,Fielding,gfielding81@ehow.com,Male,139.199.103.28
291,Sebastian,Pendre,spendre82@histats.com,Male,216.221.43.240
292,Rudolfo,Spadaro,rspadaro83@blogger.com,Male,166.81.117.85
293,Hyacinthe,Yelden,hyelden84@nsw.gov.au,Agender,99.60.80.49
294,Ingmar,Grassett,igrassett85@google.co.jp,Male,131.224.154.151
295,Oriana,Geeraert,ogeeraert86@prlog.org,Female,135.79.211.228
296,Lincoln,Schlag,lschlag87@xinhuanet.com,Male,201.169.108.123
297,Kenyon,Crankshaw,kcrankshaw88@goo.gl,Male,240.233.30.40
298,Gizela,Spofforth,gspofforth89@imageshack.us,Female,212.129.172.40
299,Kele,Tyrer,ktyrer8a@telegraph.co.uk,Male,100.117.63.2
300,Baryram,Chrystal,bchrystal8b@nba.com,Male,112.237.160.98
301,Annmaria,Carlone,acarlone8c@ibm.com,Female,198.162.240.142
302,Jamil,Worrall,jworrall8d@pbs.org,Male,169.63.119.216
303,Drusi,Dow,ddow8e@xing.com,Female,80.123.25.160
304,Ninette,Naire,nnaire8f@samsung.com,Female,232.171.199.41
305,Melesa,Weth,mweth8g@hugedomains.com,Female,59.183.178.202
306,Cull,Scogin,cscogin8h@deviantart.com,Male,168.35.3.235
307,Miguelita,Reinbeck,mreinbeck8i@state.gov,Female,21.46.135.162
308,Zarla,Gilfoyle,zgilfoyle8j@miitbeian.gov.cn,Female,19.112.47.245
309,Temple,Gaddie,tgaddie8k@1und1.de,Male,202.90.71.192
310,Alick,Spenton,aspenton8l@illinois.edu,Male,20.189.45.186
311,Gabriela,Uttermare,guttermare8m@jiathis.com,Female,80.147.210.252
312,Hall,Terran,hterran8n@aol.com,Male,188.12.102.161
313,Maryanne,Dudliston,mdudliston8o@woothemes.com,Female,37.214.167.144
314,Lynn,Beebis,lbeebis8p@reverbnation.com,Female,9.2.26.12
315,Killy,Stancer,kstancer8q@blinklist.com,Male,188.83.1.159
316,Sterling,O'Murtagh,somurtagh8r@geocities.com,Male,249.42.198.87
317,Clemmy,Ullyatt,cullyatt8s@issuu.com,Male,106.104.226.55
318,Kippy,Guierre,kguierre8t@cpanel.net,Male,218.186.2.165
319,Isabel,Taggert,itaggert8u@yale.edu,Female,132.133.193.98
320,Desiri,Tender,dtender8v@businesswire.com,Female,77.100.204.224
321,Mikel,Wogden,mwogden8w@lycos.com,Male,179.37.203.42
322,Alon,Jeanon,ajeanon8x@about.com,Male,18.59.248.200
323,Vevay,Lansley,vlansley8y@ftc.gov,Female,18.167.43.16
324,Terry,Kivell,tkivell8z@fc2.com,Female,225.65.18.164
325,Cyrille,Isac,cisac90@edublogs.org,Male,231.108.184.193
326,Deck,Goodwell,dgoodwell91@bing.com,Male,98.25.150.226
327,Gabriell,O' Mullane,gomullane92@vkontakte.ru,Female,112.28.243.151
328,Jarred,Roscrigg,jroscrigg93@zdnet.com,Male,45.196.160.79
329,Art,Alcide,aalcide94@ezinearticles.com,Male,138.24.19.191
330,Starla,Pfiffer,spfiffer95@4shared.com,Female,4.98.88.93
331,Jo,Illem,jillem96@nyu.edu,Male,106.248.7.38
332,Lindon,Sabathier,lsabathier97@miitbeian.gov.cn,Male,92.116.220.232
333,Eberto,Kuhn,ekuhn98@census.gov,Male,247.190.59.134
334,Gerianne,Wallworke,gwallworke99@aol.com,Female,73.134.153.239
335,Nev,Hainge,nhainge9a@house.gov,Male,75.77.43.210
336,Gilberto,Soots,gsoots9b@lulu.com,Male,40.112.234.24
337,Sarge,McKinty,smckinty9c@archive.org,Male,154.184.197.45
338,Courtnay,Garken,cgarken9d@nsw.gov.au,Female,238.234.106.123
339,Bellina,Verdy,bverdy9e@craigslist.org,Female,254.12.175.120
340,Darlene,Farley,dfarley9f@ocn.ne.jp,Female,53.171.211.10
341,Wood,Jerok,wjerok9g@barnesandnoble.com,Male,135.129.182.255
342,Booth,Stanlike,bstanlike9h@bing.com,Male,186.75.102.8
343,Baily,Stempe,bstempe9i@bloglines.com,Male,94.2.122.103
344,Gertruda,Trevino,gtrevino9j@cmu.edu,Female,239.81.254.40
345,Jaime,Welbeck,jwelbeck9k@paypal.com,Male,61.11.220.22
346,Ethyl,Burbank,eburbank9l@biglobe.ne.jp,Female,27.16.238.4
347,Rani,Strowan,rstrowan9m@cnet.com,Female,132.249.158.221
348,Delora,Shaxby,dshaxby9n@cafepress.com,Female,115.176.158.17
349,Gussy,Vautier,gvautier9o@harvard.edu,Agender,72.155.143.85
350,Franzen,Stonman,fstonman9p@comcast.net,Male,245.182.78.173
351,Titos,Spinley,tspinley9q@nymag.com,Male,186.128.249.68
352,Fernandina,Venus,fvenus9r@yahoo.co.jp,Female,167.4.164.36
353,Charley,Godley,cgodley9s@blinklist.com,Male,164.94.226.181
354,Candie,Jayume,cjayume9t@ucla.edu,Female,70.234.130.250
355,Boot,Snowdon,bsnowdon9u@sciencedaily.com,Male,48.12.174.228
356,Lani,Bowen,lbowen9v@shareasale.com,Female,35.104.178.107
357,Mordecai,Stuart,mstuart9w@seesaa.net,Male,136.82.151.223
358,Pauletta,Kettle,pkettle9x@un.org,Female,111.161.51.173
359,Casar,Butson,cbutson9y@mozilla.com,Male,50.176.120.186
360,Rivalee,Cheales,rcheales9z@patch.com,Female,150.55.251.99
361,Vinnie,Loyns,vloynsa0@answers.com,Male,244.27.201.82
362,Mora,Thornhill,mthornhilla1@home.pl,Female,241.102.239.110
363,Iorgos,Grievson,igrievsona2@free.fr,Male,104.43.195.196
364,Pippa,Dymott,pdymotta3@house.gov,Female,129.225.197.190
365,Rebekah,Bourtoumieux,rbourtoumieuxa4@craigslist.org,Female,17.121.203.244
366,Leonore,Tippell,ltippella5@fema.gov,Female,90.217.241.26
367,Lalo,Balcock,lbalcocka6@youtube.com,Genderqueer,179.132.186.196
368,Puff,Byrom,pbyroma7@sina.com.cn,Male,165.229.34.164
369,Ester,Bramstom,ebramstoma8@naver.com,Genderfluid,98.248.181.30
370,Weber,Attenbrow,wattenbrowa9@tumblr.com,Male,140.2.84.198
371,Normy,Hierro,nhierroaa@netscape.com,Male,203.252.84.194
372,Doralynne,Richmont,drichmontab@seesaa.net,Female,83.50.33.11
373,Curran,Ruoff,cruoffac@facebook.com,Male,176.35.17.127
374,Umberto,Gohn,ugohnad@microsoft.com,Male,144.173.233.127
375,Kirsten,Llop,kllopae@squarespace.com,Female,208.86.144.252
376,Clement,Negri,cnegriaf@cbslocal.com,Male,240.21.151.54
377,Rolando,Skelhorn,rskelhornag@latimes.com,Male,157.242.219.148
378,Eilis,Baal,ebaalah@sciencedirect.com,Female,104.6.79.17
379,Gaby,Baldrey,gbaldreyai@state.tx.us,Female,34.238.77.99
380,Jeremie,Dani,jdaniaj@abc.net.au,Male,114.63.108.126
381,Vivie,Carsey,vcarseyak@nps.gov,Agender,53.244.78.237
382,Florencia,Donaher,fdonaheral@google.co.uk,Female,236.43.172.40
383,Phaidra,Stormouth,pstormoutham@fda.gov,Female,185.18.128.232
384,Ashton,Ivkovic,aivkovican@elegantthemes.com,Male,181.74.148.169
385,Daloris,Camacke,dcamackeao@dedecms.com,Female,108.13.122.217
386,Rhoda,Mate,rmateap@epa.gov,Female,134.243.86.84
387,Adele,Janssen,ajanssenaq@google.cn,Female,92.198.188.71
388,Haily,Culter,hculterar@thetimes.co.uk,Female,157.200.15.152
389,Kory,Skalls,kskallsas@ft.com,Male,113.68.58.179
390,Sergent,Camock,scamockat@opensource.org,Male,166.164.34.159
391,Davon,Arend,darendau@diigo.com,Male,86.190.129.254
392,Hank,Dobey,hdobeyav@statcounter.com,Male,124.191.11.98
393,Gerry,Saxelby,gsaxelbyaw@mayoclinic.com,Male,198.79.61.84
394,Gussy,Knutsen,gknutsenax@dell.com,Female,200.44.51.236
395,Stephie,Attack,sattackay@addtoany.com,Female,15.212.95.197
396,Marleah,McCathy,mmccathyaz@discuz.net,Female,52.236.250.76
397,Nap,Seegar,nseegarb0@microsoft.com,Male,234.4.105.4
398,Tiena,Siemon,tsiemonb1@vk.com,Female,82.78.247.28
399,Coralyn,Bavister,cbavisterb2@ezinearticles.com,Female,47.152.177.64
400,Dix,Whitemarsh,dwhitemarshb3@weather.com,Female,55.251.112.96
401,Raimondo,Feldbau,rfeldbaub4@paginegialle.it,Male,90.70.125.34
402,Israel,Healings,ihealingsb5@is.gd,Male,74.155.87.123
403,Lionel,Ebbetts,lebbettsb6@pcworld.com,Male,220.210.89.191
404,Jannel,Medcraft,jmedcraftb7@xrea.com,Female,58.202.100.138
405,Evita,Longcaster,elongcasterb8@woothemes.com,Female,54.224.34.16
406,Lenore,Moralis,lmoralisb9@slideshare.net,Female,113.118.250.177
407,Hilary,Ca,hcaba@earthlink.net,Male,80.99.110.22
408,Marlyn,De Santos,mdesantosbb@thetimes.co.uk,Female,27.31.181.95
409,Shaylyn,Chilcotte,schilcottebc@hhs.gov,Female,143.20.64.162
410,Curry,Tadlow,ctadlowbd@1und1.de,Male,18.227.125.26
411,Pearla,Greenless,pgreenlessbe@ifeng.com,Non-binary,243.193.33.240
412,Pattie,Pretswell,ppretswellbf@qq.com,Male,26.195.110.132
413,Ebonee,Dooler,edoolerbg@mlb.com,Female,116.207.246.18
414,Dexter,Cardenosa,dcardenosabh@nymag.com,Male,226.241.154.85
415,Blinnie,Farryn,bfarrynbi@fc2.com,Female,7.39.25.118
416,Kriste,Livingstone,klivingstonebj@wix.com,Female,176.219.19.87
417,Victor,McCuis,vmccuisbk@wix.com,Male,88.180.200.186
418,Kalle,MacIver,kmaciverbl@icq.com,Male,56.18.18.63
419,Jonathan,Rustadge,jrustadgebm@rambler.ru,Male,85.52.143.195
420,Valene,Hudel,vhudelbn@mozilla.com,Female,72.59.153.50
421,Stanwood,Zorzi,szorzibo@cdbaby.com,Male,142.76.114.86
422,Eugenia,Walduck,ewalduckbp@smh.com.au,Female,184.88.208.37
423,Frank,Warry,fwarrybq@ihg.com,Male,99.150.113.240
424,Katuscha,Capelow,kcapelowbr@seattletimes.com,Female,41.157.26.210
425,Lanie,Arnatt,larnattbs@amazon.co.jp,Female,155.112.125.222
426,Auroora,A'Barrow,aabarrowbt@plala.or.jp,Female,150.143.77.87
427,Carmella,Gherardini,cgherardinibu@icq.com,Female,144.96.222.119
428,Ileana,Hucklesby,ihucklesbybv@craigslist.org,Female,13.132.216.52
429,Sunshine,De Benedictis,sdebenedictisbw@cdc.gov,Female,16.155.225.9
430,Cosette,Orriss,corrissbx@cam.ac.uk,Female,251.111.12.206
431,Parnell,Huxton,phuxtonby@tamu.edu,Male,166.193.30.180
432,Tiena,McAree,tmcareebz@auda.org.au,Female,20.127.125.218
433,Logan,Ricciardello,lricciardelloc0@wp.com,Agender,108.100.74.143
434,Genni,Bondy,gbondyc1@merriam-webster.com,Female,38.235.104.192
435,Morgen,Lidington,mlidingtonc2@dyndns.org,Female,252.61.41.38
436,Melitta,Hurll,mhurllc3@youku.com,Genderfluid,166.22.239.168
437,Austin,Antonat,aantonatc4@behance.net,Male,181.135.179.40
438,Lynnelle,Ebbotts,lebbottsc5@umn.edu,Female,38.89.15.151
439,Marketa,Breslau,mbreslauc6@howstuffworks.com,Genderfluid,242.174.124.105
440,Hiram,Robecon,hrobeconc7@mysql.com,Male,243.63.56.209
441,Blane,Bodleigh,bbodleighc8@gov.uk,Male,176.108.197.145
442,Benedikta,Haldenby,bhaldenbyc9@toplist.cz,Female,187.150.95.10
443,Lila,Hilldrup,lhilldrupca@toplist.cz,Female,224.42.28.13
444,Fabien,Gulland,fgullandcb@livejournal.com,Male,169.41.173.3
445,Zack,Whoolehan,zwhoolehancc@infoseek.co.jp,Male,225.86.205.192
446,Roderic,Accombe,raccombecd@accuweather.com,Male,48.115.45.123
447,Shanon,Bisset,sbissetce@businesswire.com,Female,169.197.175.217
448,Rolland,Craister,rcraistercf@xrea.com,Male,29.174.105.163
449,Chickie,Spurden,cspurdencg@slate.com,Female,189.155.184.124
450,Yale,Rubinfeld,yrubinfeldch@gizmodo.com,Male,198.189.202.83
451,Isidro,Birtonshaw,ibirtonshawci@apple.com,Male,168.228.125.38
452,Keelia,Sutlieff,ksutlieffcj@typepad.com,Female,73.102.142.113
453,Dorice,Krug,dkrugck@nsw.gov.au,Female,251.20.191.4
454,Shanta,Braidwood,sbraidwoodcl@marriott.com,Female,143.226.233.11
455,Rebekah,Tunnadine,rtunnadinecm@devhub.com,Female,112.144.95.3
456,Erma,Struijs,estruijscn@wix.com,Female,135.52.147.176
457,Adham,Bonellie,abonellieco@spotify.com,Male,118.42.106.186
458,Luke,Kleinert,lkleinertcp@eepurl.com,Male,98.14.213.204
459,Karia,Caunter,kcauntercq@si.edu,Female,107.35.136.171
460,Griffie,Glaum,gglaumcr@sohu.com,Male,68.242.97.62
461,Major,Sargint,msargintcs@blogger.com,Male,16.122.224.37
462,Erny,Easthope,eeasthopect@dell.com,Male,207.32.162.163
463,Wheeler,Antognozzii,wantognozziicu@state.tx.us,Male,105.87.158.156
464,Brooke,Beddall,bbeddallcv@redcross.org,Female,83.90.197.46
465,Maximilien,Walthall,mwalthallcw@theglobeandmail.com,Male,240.21.203.52
466,Thebault,Goggan,tgoggancx@angelfire.com,Male,17.225.15.253
467,Dalt,Batchelor,dbatchelorcy@miitbeian.gov.cn,Male,209.132.32.132
468,Jock,Hughes,jhughescz@reuters.com,Male,167.43.54.235
469,Bryon,Casiroli,bcasirolid0@hao123.com,Male,55.78.62.192
470,Alan,Eversfield,aeversfieldd1@shareasale.com,Non-binary,205.127.178.32
471,Nani,Fishburn,nfishburnd2@timesonline.co.uk,Polygender,101.248.223.211
472,Lenette,Blasio,lblasiod3@technorati.com,Female,23.56.14.17
473,Valentia,Lusk,vluskd4@multiply.com,Female,116.232.30.20
474,Rora,Severns,rsevernsd5@constantcontact.com,Female,241.208.157.59
475,Olenka,Manuaud,omanuaudd6@princeton.edu,Female,211.177.109.162
476,Concettina,Sissons,csissonsd7@google.pl,Female,26.24.59.212
477,Tiphanie,Abramamovh,tabramamovhd8@nymag.com,Female,43.61.88.79
478,Kory,Izaks,kizaksd9@wunderground.com,Male,34.192.74.175
479,Tannie,Rowbottam,trowbottamda@cocolog-nifty.com,Male,119.188.48.156
480,Welch,Bakey,wbakeydb@seattletimes.com,Male,115.139.219.93
481,Giacopo,Hens,ghensdc@google.pl,Male,37.13.76.88
482,Care,Routledge,croutledgedd@amazonaws.com,Male,136.252.96.179
483,Odette,Lafond,olafondde@jimdo.com,Female,69.232.239.218
484,Gonzalo,Alway,galwaydf@cisco.com,Male,48.66.178.145
485,Cobby,Manz,cmanzdg@free.fr,Genderqueer,245.136.119.71
486,Earl,McRamsey,emcramseydh@istockphoto.com,Male,245.171.200.76
487,Bren,Pickworth,bpickworthdi@tmall.com,Female,101.209.87.88
488,Ulick,Chadburn,uchadburndj@php.net,Male,142.147.54.85
489,Lutero,Arnholdt,larnholdtdk@admin.ch,Male,131.79.209.42
490,Ursola,Capewell,ucapewelldl@answers.com,Female,32.78.53.135
491,Andriette,Jellyman,ajellymandm@independent.co.uk,Female,7.133.107.249
492,Kiele,Bolan,kbolandn@who.int,Female,23.105.112.235
493,Jeremias,Shaves,jshavesdo@webnode.com,Male,119.84.141.31
494,Hulda,Easseby,heassebydp@chicagotribune.com,Female,103.87.239.198
495,Ermin,Luquet,eluquetdq@who.int,Male,184.214.233.16
496,Kirbie,Humerstone,khumerstonedr@symantec.com,Genderqueer,52.198.70.219
497,Fedora,Cranston,fcranstonds@indiegogo.com,Female,17.200.217.205
498,Ardene,Butland,abutlanddt@vinaora.com,Female,100.173.214.233
499,Nelia,Dykins,ndykinsdu@alexa.com,Female,7.34.43.251
500,Nadean,Eyckelbeck,neyckelbeckdv@economist.com,Female,221.72.50.8
501,Milty,Steels,msteelsdw@hao123.com,Male,204.22.179.214
502,Karlotta,MacTrustrie,kmactrustriedx@shop-pro.jp,Female,218.5.51.204
503,Mollie,Gerault,mgeraultdy@mapy.cz,Female,56.41.11.168
504,Clemmy,Paff,cpaffdz@google.com.hk,Female,10.247.169.73
505,Cyrillus,Gobell,cgobelle0@github.io,Genderqueer,138.173.89.175
506,Wilie,Burnes,wburnese1@google.com.au,Non-binary,108.152.154.116
507,Sindee,Rennebeck,srennebecke2@prlog.org,Female,243.105.158.76
508,Wenonah,Whitlam,wwhitlame3@rakuten.co.jp,Female,71.35.183.203
509,Teddy,Le land,tlelande4@geocities.com,Female,143.54.184.146
510,Shirlene,Rowledge,srowledgee5@soundcloud.com,Female,14.126.49.228
511,Tedmund,Yorke,tyorkee6@fastcompany.com,Male,163.115.34.51
512,Brittne,Baggally,bbaggallye7@google.fr,Non-binary,221.118.93.106
513,Mannie,Ayto,maytoe8@marriott.com,Male,164.235.190.141
514,Perry,Marmion,pmarmione9@yale.edu,Female,247.238.78.142
515,Leah,Studde,lstuddeea@flickr.com,Female,121.123.79.53
516,Concettina,Irce,circeeb@hud.gov,Female,174.162.82.118
517,Kristin,Adamkiewicz,kadamkiewiczec@discuz.net,Female,154.7.23.234
518,Kyle,Gendricke,kgendrickeed@blogger.com,Female,10.218.11.14
519,Jdavie,Gingold,jgingoldee@thetimes.co.uk,Male,44.254.192.154
520,Vidovic,MacCracken,vmaccrackenef@vimeo.com,Male,29.127.247.111
521,Aaron,Scotchmor,ascotchmoreg@cpanel.net,Male,48.37.113.235
522,Willi,Grattan,wgrattaneh@clickbank.net,Genderfluid,107.37.218.137
523,Celie,Whale,cwhaleei@nba.com,Female,168.74.6.98
524,Burt,Hoonahan,bhoonahanej@thetimes.co.uk,Male,64.211.97.22
525,Concettina,Lindblad,clindbladek@wired.com,Female,71.55.250.200
526,Goran,Edgcombe,gedgcombeel@blogs.com,Male,182.112.6.222
527,Veronica,Doige,vdoigeem@sciencedaily.com,Female,85.224.11.124
528,Konstanze,Godsell,kgodsellen@hao123.com,Female,161.76.203.29
529,Linell,Simonsen,lsimonseneo@yahoo.com,Female,99.125.28.177
530,Stephenie,Sidden,ssiddenep@drupal.org,Female,246.13.41.30
531,Gerty,Reef,greefeq@umn.edu,Female,129.124.226.120
532,Wilow,Becaris,wbecariser@usda.gov,Female,147.124.174.180
533,Rabbi,Napoli,rnapolies@amazon.com,Male,44.58.254.68
534,Heindrick,Slorance,hsloranceet@webmd.com,Male,125.77.202.184
535,Britte,Squires,bsquireseu@imgur.com,Female,183.142.99.191
536,Tarah,Oldknow,toldknowev@kickstarter.com,Female,58.53.179.120
537,Kaylee,How to preserve,khowtopreserveew@chron.com,Female,226.129.202.32
538,Lucais,Simms,lsimmsex@google.fr,Male,203.136.19.168
539,Arny,Cockitt,acockittey@lulu.com,Male,6.199.56.54
540,Byrom,Stoggles,bstogglesez@tripadvisor.com,Male,240.9.132.37
541,Westbrook,Vail,wvailf0@sina.com.cn,Male,210.112.166.65
542,Jodi,Oubridge,joubridgef1@jalbum.net,Female,100.84.237.17
543,Marley,Ryland,mrylandf2@infoseek.co.jp,Female,198.86.236.195
544,Krispin,Burgen,kburgenf3@ehow.com,Male,186.108.55.153
545,Nadeen,Shouler,nshoulerf4@alexa.com,Agender,39.6.171.12
546,Valentina,Caccavella,vcaccavellaf5@prnewswire.com,Female,93.139.73.41
547,Timmy,Wank,twankf6@bandcamp.com,Male,12.17.133.95
548,Noah,Vickerman,nvickermanf7@ucsd.edu,Male,150.254.212.166
549,Darnall,D'eye,ddeyef8@ft.com,Male,43.53.113.213
550,Gaye,Cordon,gcordonf9@cocolog-nifty.com,Female,34.158.204.158
551,Bengt,Downgate,bdowngatefa@who.int,Male,5.188.250.170
552,Clementine,Hollier,chollierfb@scribd.com,Female,255.113.1.105
553,Hobard,Mynott,hmynottfc@cnbc.com,Male,31.69.48.154
554,Giorgio,Waywell,gwaywellfd@360.cn,Male,186.192.29.218
555,Tiphani,Denerley,tdenerleyfe@buzzfeed.com,Non-binary,166.47.158.50
556,Johan,Stidston,jstidstonff@stanford.edu,Male,37.135.181.204
557,Putnem,Burtenshaw,pburtenshawfg@wikispaces.com,Male,17.191.215.196
558,Jacques,Uccelli,juccellifh@cdbaby.com,Male,178.93.168.203
559,Bartie,Doley,bdoleyfi@chicagotribune.com,Bigender,215.73.100.166
560,Basia,Gobolos,bgobolosfj@theguardian.com,Female,156.27.104.21
561,Shawna,Seer,sseerfk@sina.com.cn,Female,128.22.203.125
562,Filippo,Copcote,fcopcotefl@mayoclinic.com,Male,42.73.174.192
563,Nicolis,Grunbaum,ngrunbaumfm@google.com,Male,89.12.22.239
564,Harwell,Beels,hbeelsfn@baidu.com,Male,66.59.186.10
565,Loy,Fery,lferyfo@webmd.com,Male,101.224.89.46
566,Fraser,Kemble,fkemblefp@gmpg.org,Male,75.187.218.136
567,Lorie,Partington,lpartingtonfq@theglobeandmail.com,Female,119.17.35.215
568,Raphael,Vallender,rvallenderfr@live.com,Male,219.43.244.226
569,Forest,O'Dare,fodarefs@ibm.com,Male,108.24.224.45
570,Celesta,Danilishin,cdanilishinft@mlb.com,Female,2.41.205.159
571,Hi,Boagey,hboageyfu@digg.com,Male,159.146.20.49
572,Gratiana,Srutton,gsruttonfv@marketwatch.com,Female,92.177.71.180
573,Flemming,Ferbrache,fferbrachefw@wordpress.com,Male,184.130.221.181
574,Maxwell,Drogan,mdroganfx@slate.com,Male,238.25.89.1
575,Lindsy,Pearsey,lpearseyfy@posterous.com,Agender,93.35.190.85
576,Riki,Marchenko,rmarchenkofz@google.ca,Female,110.156.195.190
577,Adriano,Tupling,atuplingg0@omniture.com,Male,113.224.148.80
578,Elnore,Lavielle,elavielleg1@java.com,Female,125.45.13.72
579,Judah,Houlston,jhoulstong2@illinois.edu,Non-binary,181.146.75.4
580,Dukie,Rutherfoord,drutherfoordg3@amazon.com,Male,231.163.150.73
581,Sheilah,Shilleto,sshilletog4@cpanel.net,Female,63.85.231.160
582,Keefer,Tomich,ktomichg5@skype.com,Male,158.105.92.112
583,Federica,Shedd,fsheddg6@ow.ly,Female,225.226.242.92
584,Dalli,Glasbey,dglasbeyg7@vk.com,Male,84.135.201.65
585,Henderson,Karus,hkarusg8@vinaora.com,Male,64.99.195.80
586,Isabeau,Spino,ispinog9@barnesandnoble.com,Female,78.71.44.123
587,Thornton,Pietroni,tpietroniga@networksolutions.com,Male,227.142.23.1
588,Skipton,Stobie,sstobiegb@wired.com,Polygender,189.144.217.88
589,Hughie,Erangy,herangygc@ed.gov,Male,240.23.217.223
590,Sheelah,Stuffins,sstuffinsgd@spiegel.de,Female,100.42.37.194
591,Bartram,Frankema,bfrankemage@wix.com,Male,61.231.88.157
592,Hayward,Rounsefell,hrounsefellgf@youku.com,Male,118.242.58.39
593,Mitch,Arnhold,marnholdgg@deviantart.com,Non-binary,17.70.207.52
594,Lethia,Alkins,lalkinsgh@t.co,Female,135.252.183.157
595,Gareth,Caught,gcaughtgi@yahoo.com,Male,213.55.202.101
596,Hillel,Flisher,hflishergj@google.ca,Male,128.175.87.87
597,Dudley,Bezarra,dbezarragk@fc2.com,Male,44.123.57.235
598,Viva,Etherington,vetheringtongl@rambler.ru,Female,8.37.199.91
599,Cullin,Bartlosz,cbartloszgm@fastcompany.com,Male,196.138.124.155
600,Karia,Chezier,kcheziergn@amazon.co.jp,Female,149.100.64.199
601,Kelcie,Kearney,kkearneygo@g.co,Female,140.93.176.156
602,Lutero,Edgeler,ledgelergp@ning.com,Male,37.244.28.146
603,Iggie,Kitcatt,ikitcattgq@livejournal.com,Male,98.192.228.148
604,Lucas,Jessard,ljessardgr@opensource.org,Male,182.122.249.169
605,Paulo,Jenckes,pjenckesgs@prlog.org,Bigender,229.4.119.173
606,Cos,Carek,ccarekgt@china.com.cn,Male,181.35.12.175
607,Hort,Tatchell,htatchellgu@storify.com,Male,137.9.38.179
608,Dede,Feragh,dferaghgv@nydailynews.com,Female,223.60.7.147
609,Rosana,Vasser,rvassergw@constantcontact.com,Female,247.102.6.102
610,Marie-ann,Nail,mnailgx@myspace.com,Female,137.245.150.228
611,Nobe,Braben,nbrabengy@kickstarter.com,Male,138.99.64.155
612,Albertine,Bushnell,abushnellgz@sitemeter.com,Female,12.213.63.192
613,Brigid,Folder,bfolderh0@reddit.com,Female,147.191.134.39
614,Cherilyn,McGuire,cmcguireh1@hatena.ne.jp,Female,229.71.133.208
615,Graham,Aylin,gaylinh2@sun.com,Male,134.202.137.135
616,Oriana,Southard,osouthardh3@over-blog.com,Female,27.126.160.211
617,Ebenezer,Vasyuchov,evasyuchovh4@aol.com,Male,116.108.156.155
618,Valerie,Graysmark,vgraysmarkh5@hhs.gov,Female,134.191.218.243
619,Rafaela,Lehrer,rlehrerh6@archive.org,Female,20.4.127.155
620,Roxanna,Tuttiett,rtuttietth7@irs.gov,Female,213.2.213.99
621,Rosemaria,Trimmill,rtrimmillh8@state.tx.us,Female,45.141.205.234
622,Selby,Keble,skebleh9@google.it,Male,56.228.95.83
623,Briant,Sparkwell,bsparkwellha@live.com,Male,89.73.156.208
624,Gordon,Ethridge,gethridgehb@shareasale.com,Male,88.58.35.255
625,Dmitri,Rothschild,drothschildhc@so-net.ne.jp,Male,224.103.22.184
626,Nessi,Boulton,nboultonhd@theguardian.com,Female,187.14.60.224
627,Ariana,Greg,agreghe@last.fm,Female,208.236.185.206
628,Etty,Hudson,ehudsonhf@themeforest.net,Female,60.224.88.65
629,Monika,Mercey,mmerceyhg@ocn.ne.jp,Female,202.66.84.250
630,Jackie,Grassot,jgrassothh@ycombinator.com,Male,25.3.54.140
631,Ethelda,Tamlett,etamletthi@goodreads.com,Female,218.40.30.41
632,Nissy,Waddicor,nwaddicorhj@webnode.com,Genderfluid,242.119.217.202
633,Noble,Moscone,nmosconehk@jugem.jp,Male,214.203.221.113
634,Wang,Chesshyre,wchesshyrehl@abc.net.au,Male,156.132.177.117
635,Ernestus,Sams,esamshm@nih.gov,Male,138.139.87.82
636,Skip,Hawton,shawtonhn@businessweek.com,Male,157.251.246.161
637,Dawna,Portis,dportisho@canalblog.com,Female,26.157.181.195
638,Leanor,Feehily,lfeehilyhp@unicef.org,Non-binary,136.131.215.81
639,Vevay,Rotham,vrothamhq@npr.org,Female,109.59.205.91
640,Loree,Bettaney,lbettaneyhr@diigo.com,Female,31.0.207.236
641,Fred,Threader,fthreaderhs@eventbrite.com,Female,116.219.137.92
642,Sherlock,Matheson,smathesonht@guardian.co.uk,Male,42.128.81.126
643,Othilie,Klaas,oklaashu@unesco.org,Female,235.182.252.71
644,Teodorico,Muckley,tmuckleyhv@scientificamerican.com,Male,93.181.181.101
645,Crissy,Shubotham,cshubothamhw@weather.com,Genderqueer,147.64.177.188
646,Packston,Paireman,ppairemanhx@domainmarket.com,Male,195.65.190.71
647,Charlie,Giovani,cgiovanihy@salon.com,Male,143.98.125.210
648,Silvanus,Dreger,sdregerhz@rediff.com,Male,248.211.114.38
649,Hadria,Capstack,hcapstacki0@163.com,Female,44.125.59.218
650,Fin,Gilbane,fgilbanei1@prweb.com,Male,90.101.249.145
651,Carver,Yellowley,cyellowleyi2@bandcamp.com,Bigender,169.47.35.124
652,Sawyer,Siggee,ssiggeei3@diigo.com,Male,7.230.228.111
653,Arleta,Dashwood,adashwoodi4@redcross.org,Bigender,55.119.45.155
654,Cesar,Wimmers,cwimmersi5@constantcontact.com,Male,223.7.224.69
655,Donn,Sign,dsigni6@godaddy.com,Male,72.41.249.112
656,Caleb,Thonason,cthonasoni7@ox.ac.uk,Non-binary,159.86.62.38
657,Madella,Jedrych,mjedrychi8@addtoany.com,Female,47.52.176.205
658,Nickolai,Thay,nthayi9@illinois.edu,Male,230.212.234.79
659,Lianne,McClaurie,lmcclaurieia@google.it,Female,255.10.236.213
660,Hestia,Cameli,hcameliib@whitehouse.gov,Female,112.76.228.73
661,Licha,Wolfendell,lwolfendellic@psu.edu,Bigender,45.31.178.182
662,Bessy,Redwall,bredwallid@forbes.com,Genderqueer,191.65.196.158
663,Grant,Amberg,gambergie@macromedia.com,Male,71.34.160.230
664,Douglass,Harmston,dharmstonif@umich.edu,Male,31.235.43.253
665,Gilli,Atterley,gatterleyig@guardian.co.uk,Female,108.100.123.181
666,Anton,Etoile,aetoileih@pinterest.com,Male,72.51.47.126
667,Aurel,Levicount,alevicountii@army.mil,Female,61.246.105.51
668,Loleta,Herkess,lherkessij@deviantart.com,Female,49.38.255.255
669,Haywood,Skehan,hskehanik@squarespace.com,Male,111.252.94.128
670,Fredek,Bernhardsson,fbernhardssonil@independent.co.uk,Genderfluid,93.66.225.184
671,Atlante,Hedditeh,ahedditehim@surveymonkey.com,Female,190.143.214.20
672,Abagail,Vivers,aviversin@sogou.com,Female,82.7.255.61
673,Alfonso,Nolder,anolderio@sakura.ne.jp,Male,194.27.101.194
674,Isidro,Arnow,iarnowip@parallels.com,Male,34.87.116.243
675,Vanny,Sherwyn,vsherwyniq@symantec.com,Female,211.60.230.37
676,Randell,Brame,rbrameir@bravesites.com,Male,159.192.146.13
677,Sherman,Hutley,shutleyis@pagesperso-orange.fr,Genderfluid,37.128.217.168
678,Ximenez,Tunesi,xtunesiit@dot.gov,Male,58.217.0.29
679,Arabelle,Springall,aspringalliu@theatlantic.com,Female,125.209.227.230
680,Brody,Meaking,bmeakingiv@soup.io,Male,232.65.38.94
681,Claiborne,Witter,cwitteriw@nih.gov,Male,24.255.81.65
682,Ewan,Secombe,esecombeix@netscape.com,Male,117.49.64.192
683,Meir,Davydychev,mdavydycheviy@miibeian.gov.cn,Male,155.96.9.78
684,Kirby,Ransley,kransleyiz@ehow.com,Male,157.74.76.183
685,Guthrey,Robley,grobleyj0@auda.org.au,Male,175.216.171.61
686,Gleda,Imesson,gimessonj1@comcast.net,Female,166.171.0.194
687,Euell,Jakubski,ejakubskij2@diigo.com,Male,0.107.228.221
688,Bar,Deerr,bdeerrj3@europa.eu,Male,83.194.177.178
689,Cornie,Strawbridge,cstrawbridgej4@jigsy.com,Female,111.196.138.74
690,Jenine,McCready,jmccreadyj5@bloglovin.com,Female,17.167.121.156
691,Kimbell,Buesden,kbuesdenj6@seesaa.net,Male,151.62.150.20
692,Lief,Shrimptone,lshrimptonej7@ocn.ne.jp,Male,129.160.75.9
693,Mikel,Klewer,mklewerj8@qq.com,Male,225.81.213.248
694,Joel,Bichener,jbichenerj9@bigcartel.com,Male,174.243.212.5
695,Godard,Basek,gbasekja@bravesites.com,Agender,178.188.123.189
696,Maressa,Nobriga,mnobrigajb@gnu.org,Female,189.29.215.206
697,Kylynn,Goor,kgoorjc@pbs.org,Female,132.101.194.150
698,Albrecht,Keelin,akeelinjd@auda.org.au,Male,173.138.79.223
699,Lani,Osmar,losmarje@over-blog.com,Female,141.32.155.31
700,Lorens,Dehm,ldehmjf@live.com,Male,86.31.128.42
701,Lurlene,Pimme,lpimmejg@exblog.jp,Female,156.117.221.143
702,Tarrance,Overall,toveralljh@yellowbook.com,Male,199.235.160.36
703,Courtney,Moscon,cmosconji@multiply.com,Female,203.248.204.98
704,Tiebout,Dilnot,tdilnotjj@hugedomains.com,Male,68.31.244.64
705,Hymie,Gornar,hgornarjk@desdev.cn,Male,196.156.199.126
706,Creigh,Nyland,cnylandjl@quantcast.com,Male,151.208.152.110
707,Paquito,Lethardy,plethardyjm@icq.com,Male,41.14.85.24
708,Cameron,Antoniak,cantoniakjn@yellowpages.com,Male,12.133.244.89
709,Jerald,Neylan,jneylanjo@amazon.co.jp,Male,204.135.224.204
710,Agata,Bouette,abouettejp@usatoday.com,Female,14.16.241.93
711,Wendel,Fluger,wflugerjq@etsy.com,Male,170.173.216.237
712,Orel,Bariball,obariballjr@canalblog.com,Female,253.135.85.166
713,Elnora,Burkman,eburkmanjs@time.com,Female,83.78.196.104
714,Faydra,Flaherty,fflahertyjt@unicef.org,Female,153.238.16.157
715,Querida,Bethel,qbethelju@smh.com.au,Female,146.98.49.78
716,Sari,Celes,scelesjv@wsj.com,Female,58.30.234.140
717,Val,Brougham,vbroughamjw@nba.com,Male,27.211.175.186
718,Georgie,Bonhome,gbonhomejx@vinaora.com,Female,62.235.170.221
719,Gunner,Enric,genricjy@answers.com,Agender,183.159.160.175
720,Ariella,Palfrey,apalfreyjz@illinois.edu,Female,225.139.183.4
721,Emilee,Dmitrovic,edmitrovick0@technorati.com,Female,90.137.6.181
722,Eberhard,Cadore,ecadorek1@aboutads.info,Male,30.178.94.204
723,Gib,Ramiro,gramirok2@barnesandnoble.com,Male,131.103.99.191
724,Manuel,Mc Carroll,mmccarrollk3@php.net,Male,0.96.102.212
725,Sergeant,Malafe,smalafek4@instagram.com,Bigender,176.20.231.18
726,Kayne,Anton,kantonk5@fc2.com,Male,62.161.251.118
727,Stafani,Getsham,sgetshamk6@amazon.co.jp,Female,79.155.0.49
728,Goober,Eouzan,geouzank7@spotify.com,Polygender,63.148.31.174
729,Tab,Glaysher,tglaysherk8@mozilla.org,Male,53.136.172.250
730,Lothario,Andryushin,landryushink9@usgs.gov,Male,53.10.45.155
731,Crysta,Leguay,cleguayka@purevolume.com,Female,90.111.190.20
732,Shirlene,Blunsen,sblunsenkb@baidu.com,Female,44.255.168.56
733,Maryjo,Chasen,mchasenkc@constantcontact.com,Female,3.32.200.100
734,Elwira,Bartalot,ebartalotkd@seesaa.net,Female,58.58.194.248
735,Georg,Oldfield,goldfieldke@ucoz.com,Male,202.14.230.166
736,Matelda,Padell,mpadellkf@opera.com,Female,39.167.120.36
737,Marilee,McGeown,mmcgeownkg@jigsy.com,Female,6.234.232.131
738,Edward,Finlay,efinlaykh@cornell.edu,Male,109.79.87.174
739,Lev,O'Crevy,locrevyki@go.com,Male,32.33.67.165
740,Terri,Giacobillo,tgiacobillokj@webs.com,Polygender,241.251.186.120
741,Belicia,Lode,blodekk@auda.org.au,Genderfluid,125.215.234.87
742,Stephani,Bullough,sbulloughkl@skyrock.com,Female,251.145.17.246
743,Jerrold,Keates,jkeateskm@merriam-webster.com,Male,130.40.45.251
744,Siouxie,Davydzenko,sdavydzenkokn@wikispaces.com,Female,146.101.39.222
745,Rockey,Nabbs,rnabbsko@google.ca,Male,138.125.173.34
746,Katleen,Forster,kforsterkp@craigslist.org,Female,90.66.169.251
747,Cinnamon,Logg,cloggkq@naver.com,Female,132.7.178.49
748,Fowler,Gavozzi,fgavozzikr@deviantart.com,Male,3.80.4.207
749,Donalt,Dallimare,ddallimareks@earthlink.net,Bigender,131.120.165.22
750,Lauri,Moreing,lmoreingkt@si.edu,Female,184.135.86.167
751,Olympie,Maffiotti,omaffiottiku@csmonitor.com,Female,175.111.178.5
752,Annaliese,Egginton,aeggintonkv@tuttocitta.it,Female,106.250.247.93
753,Salaidh,Hoovart,shoovartkw@webmd.com,Female,239.53.115.38
754,Pauletta,Ingall,pingallkx@woothemes.com,Female,168.124.54.235
755,Morgan,Smyth,msmythky@fastcompany.com,Male,61.0.16.176
756,Taryn,Ferie,tferiekz@mapquest.com,Female,113.27.172.41
757,Trumann,Welds,tweldsl0@list-manage.com,Male,115.36.222.144
758,Suzie,Insull,sinsulll1@github.com,Female,122.106.8.66
759,Adelaida,Fidele,afidelel2@uiuc.edu,Female,159.41.42.68
760,Ivy,Jirik,ijirikl3@soup.io,Female,131.45.18.47
761,Loy,Morkham,lmorkhaml4@sciencedirect.com,Male,77.111.48.187
762,Lorin,Charlon,lcharlonl5@bluehost.com,Male,214.119.0.9
763,Kelley,Collough,kcolloughl6@themeforest.net,Female,63.164.110.111
764,Roy,Questier,rquestierl7@amazon.co.uk,Male,187.246.157.186
765,Lydia,Seedull,lseedulll8@weebly.com,Female,4.237.27.65
766,Rosco,Antosch,rantoschl9@t.co,Male,61.90.151.115
767,Isidoro,Knox,iknoxla@surveymonkey.com,Male,3.68.112.163
768,Craig,Edscer,cedscerlb@vistaprint.com,Male,134.221.116.113
769,Si,Dendle,sdendlelc@house.gov,Genderqueer,22.162.34.205
770,Eustacia,Caltera,ecalterald@google.com,Female,52.77.39.53
771,Marilee,Farrear,mfarrearle@is.gd,Female,153.91.252.152
772,Putnem,Beaney,pbeaneylf@printfriendly.com,Male,120.162.7.212
773,Ruthie,Raeside,rraesidelg@auda.org.au,Female,16.207.238.185
774,Fidole,Millington,fmillingtonlh@purevolume.com,Male,202.233.236.92
775,Brooke,Buckel,bbuckelli@mail.ru,Female,73.252.233.185
776,Tamma,Braunston,tbraunstonlj@mysql.com,Female,214.32.58.201
777,Hollyanne,Ramalho,hramalholk@amazon.de,Female,44.131.214.102
778,Noella,Shoveller,nshovellerll@smugmug.com,Female,243.87.183.31
779,Steffen,Bamell,sbamelllm@fotki.com,Male,113.156.122.7
780,Cullie,Martyns,cmartynsln@unesco.org,Male,132.175.169.36
781,Janeta,Hoxey,jhoxeylo@issuu.com,Female,146.117.205.89
782,Bjorn,Nuschke,bnuschkelp@squarespace.com,Male,138.185.132.26
783,Wade,Sainsbury,wsainsburylq@csmonitor.com,Male,47.205.155.176
784,Ram,Bortoletti,rbortolettilr@csmonitor.com,Male,0.150.211.249
785,Brockie,Riddoch,briddochls@simplemachines.org,Male,8.110.143.145
786,Ives,Michal,imichallt@java.com,Male,131.13.46.253
787,Nathanael,Coniam,nconiamlu@businessweek.com,Male,184.126.215.40
788,Cody,Purchase,cpurchaselv@washingtonpost.com,Female,227.12.251.154
789,Rebecca,Birkinshaw,rbirkinshawlw@alexa.com,Female,99.220.139.18
790,Jordon,Lilburn,jlilburnlx@people.com.cn,Polygender,128.119.175.244
791,Debera,enzley,denzleyly@aol.com,Female,176.22.204.106
792,Jeremiah,Mattevi,jmattevilz@comcast.net,Male,197.217.173.196
793,Aurelea,Lovelace,alovelacem0@imgur.com,Female,221.132.242.154
794,Roana,Brockett,rbrockettm1@hostgator.com,Female,18.199.65.165
795,Sherwin,Debenham,sdebenhamm2@dell.com,Male,15.128.23.27
796,Chrystal,Ellsbury,cellsburym3@omniture.com,Female,240.161.58.34
797,Oriana,Molohan,omolohanm4@twitpic.com,Female,190.56.118.17
798,Vallie,Owlner,vowlnerm5@msu.edu,Agender,40.175.220.177
799,Marcelia,Cooke,mcookem6@twitpic.com,Female,65.196.206.20
800,Stevena,Van der Kruys,svanderkruysm7@sogou.com,Female,191.202.172.44
801,Reuben,Freddi,rfreddim8@nsw.gov.au,Male,248.202.19.73
802,Drusilla,Ikringill,dikringillm9@slate.com,Female,18.95.183.171
803,Luci,Loggie,lloggiema@cdc.gov,Female,208.53.184.154
804,Ivie,Ebbens,iebbensmb@goo.ne.jp,Female,151.187.24.146
805,Tandy,Folomin,tfolominmc@blogs.com,Female,74.141.174.214
806,Towney,Jovanovic,tjovanovicmd@utexas.edu,Male,25.203.33.242
807,Abra,Blackster,ablacksterme@nymag.com,Female,134.127.217.23
808,Ashlin,Nelthorp,anelthorpmf@networkadvertising.org,Male,181.189.110.126
809,Marlie,Linster,mlinstermg@jugem.jp,Female,58.193.67.79
810,Noel,Joburn,njoburnmh@wsj.com,Male,83.4.48.33
811,Sigismond,Peterson,spetersonmi@trellian.com,Male,120.91.199.183
812,Kippar,Yancey,kyanceymj@netvibes.com,Male,149.153.201.65
813,Kylen,Mateiko,kmateikomk@yale.edu,Female,2.56.203.232
814,Shepperd,Anten,santenml@netscape.com,Male,152.44.234.18
815,Marchall,Mc Ilwrick,mmcilwrickmm@gizmodo.com,Male,165.253.94.188
816,Javier,Hendin,jhendinmn@dell.com,Male,241.196.73.98
817,Philly,Eplate,peplatemo@bbb.org,Female,149.176.219.150
818,Allistir,Adne,aadnemp@cocolog-nifty.com,Male,34.147.5.130
819,Selby,Briereton,sbrieretonmq@gravatar.com,Male,230.185.200.97
820,Cooper,Phlippi,cphlippimr@hao123.com,Male,35.115.41.45
821,Corrianne,Mickan,cmickanms@stanford.edu,Female,100.203.135.219
822,Pren,Twigge,ptwiggemt@discuz.net,Male,231.125.118.9
823,Ainslee,Clubbe,aclubbemu@woothemes.com,Female,243.116.1.246
824,Binky,Tromans,btromansmv@goo.gl,Male,192.227.225.104
825,Sid,Eykelbosch,seykelboschmw@soup.io,Male,10.186.205.84
826,Belicia,Alcide,balcidemx@yahoo.co.jp,Female,175.102.165.86
827,Cesare,Bartot,cbartotmy@moonfruit.com,Male,8.126.115.233
828,Mischa,Hillum,mhillummz@hexun.com,Male,30.154.2.152
829,Rea,Yokelman,ryokelmann0@cbsnews.com,Female,95.86.102.186
830,Ramonda,Stolberger,rstolbergern1@cbc.ca,Female,30.38.187.224
831,Brennen,Martindale,bmartindalen2@addtoany.com,Non-binary,201.170.160.69
832,Odelle,Comerford,ocomerfordn3@prlog.org,Polygender,237.95.187.139
833,Brier,Geffinger,bgeffingern4@scribd.com,Female,233.226.16.98
834,Engracia,Kemson,ekemsonn5@wordpress.com,Female,135.54.176.60
835,Ingeberg,Coldman,icoldmann6@buzzfeed.com,Female,129.184.39.225
836,Coriss,Cogin,ccoginn7@twitpic.com,Female,27.127.253.48
837,Hartwell,Batterham,hbatterhamn8@etsy.com,Male,140.156.227.251
838,Regina,Causton,rcaustonn9@theguardian.com,Female,67.175.195.6
839,Jeremy,Andreasen,jandreasenna@freewebs.com,Male,239.136.176.32
840,Terry,Wattisham,twattishamnb@plala.or.jp,Male,92.207.206.54
841,Antonia,O'Rourke,aorourkenc@fema.gov,Female,14.75.88.29
842,Fianna,Ashborn,fashbornnd@hexun.com,Female,198.167.254.73
843,Dill,Bosworth,dbosworthne@instagram.com,Male,61.244.46.92
844,Carrie,Sprott,csprottnf@irs.gov,Female,178.182.114.83
845,Hymie,Minshull,hminshullng@businessweek.com,Male,134.64.38.27
846,Zaccaria,Eymer,zeymernh@uol.com.br,Male,226.250.134.152
847,Niels,Leaburn,nleaburnni@list-manage.com,Male,91.101.253.168
848,Daniela,Purver,dpurvernj@hc360.com,Female,107.250.47.23
849,Biddie,Dunckley,bdunckleynk@miitbeian.gov.cn,Female,46.188.61.169
850,Elfrieda,Docwra,edocwranl@4shared.com,Female,51.242.8.131
851,Minnaminnie,Ary,marynm@cargocollective.com,Female,131.190.168.139
852,Hanny,Wetherald,hwetheraldnn@skype.com,Female,73.89.179.14
853,Hollyanne,Mounsey,hmounseyno@ca.gov,Female,28.82.42.115
854,Micheal,Martinon,mmartinonnp@utexas.edu,Genderqueer,195.247.128.95
855,Gawain,Miners,gminersnq@hc360.com,Male,174.107.104.243
856,Dagny,Maber,dmabernr@qq.com,Male,204.97.11.112
857,Rudd,Kiltie,rkiltiens@google.co.uk,Male,224.235.27.252
858,Issy,Tuppeny,ituppenynt@storify.com,Non-binary,168.184.222.227
859,Heda,Kubczak,hkubczaknu@goo.gl,Genderfluid,112.220.35.38
860,Martainn,Connechie,mconnechienv@drupal.org,Male,129.82.227.44
861,Silas,Mioni,smioninw@spiegel.de,Male,202.117.38.22
862,Tallou,Jephcott,tjephcottnx@chronoengine.com,Female,222.121.221.199
863,Tremain,Goomes,tgoomesny@hubpages.com,Agender,201.2.146.36
864,Mabelle,Kelston,mkelstonnz@alibaba.com,Female,53.144.99.114
865,Katha,Beslier,kbesliero0@slideshare.net,Female,27.144.46.80
866,Chiquita,Otton,cottono1@reference.com,Female,73.1.29.222
867,Lay,Smythin,lsmythino2@mapquest.com,Male,148.223.194.154
868,Caty,Slowley,cslowleyo3@nasa.gov,Polygender,120.243.179.98
869,Keslie,Esslemont,kesslemonto4@jugem.jp,Female,172.121.232.113
870,Marlow,Pedrollo,mpedrolloo5@cbc.ca,Male,146.85.237.200
871,Calypso,Langmaid,clangmaido6@eventbrite.com,Female,217.132.219.3
872,Moise,Tomblings,mtomblingso7@icq.com,Male,65.230.12.35
873,Lorna,Crips,lcripso8@amazonaws.com,Female,156.252.72.254
874,Berti,Eynald,beynaldo9@netvibes.com,Male,11.255.102.232
875,Lillis,Howford,lhowfordoa@shop-pro.jp,Female,44.171.206.217
876,Isadora,Horlock,ihorlockob@google.com.au,Female,230.43.160.36
877,Lissy,Tows,ltowsoc@cbsnews.com,Female,54.18.25.108
878,Kerk,Runcieman,krunciemanod@reference.com,Male,233.137.131.40
879,Marlena,Earland,mearlandoe@unc.edu,Female,248.236.158.128
880,Caressa,Boeck,cboeckof@last.fm,Female,112.80.169.238
881,Barby,Coughan,bcoughanog@jugem.jp,Female,200.252.102.130
882,Durante,Lisciandro,dlisciandrooh@themeforest.net,Male,18.157.127.43
883,Berkie,Gilberthorpe,bgilberthorpeoi@vistaprint.com,Male,219.33.5.133
884,Gerry,Bambury,gbamburyoj@wikipedia.org,Male,166.223.205.97
885,Rudy,Menchenton,rmenchentonok@yale.edu,Polygender,144.18.4.88
886,Andie,Crosby,acrosbyol@stumbleupon.com,Female,137.254.90.133
887,Octavia,Tootal,otootalom@t-online.de,Female,185.250.177.230
888,Edd,Roggero,eroggeroon@t.co,Male,63.136.236.237
889,Ezechiel,O'Hear,eohearoo@theglobeandmail.com,Male,175.119.143.20
890,Gabriel,Holtaway,gholtawayop@jalbum.net,Male,221.255.23.236
891,Giordano,Sherland,gsherlandoq@topsy.com,Male,255.32.77.151
892,Bab,Swindley,bswindleyor@latimes.com,Female,147.84.102.91
893,Allyn,Doak,adoakos@homestead.com,Female,126.239.243.7
894,Faina,Brunetti,fbrunettiot@wix.com,Female,184.175.251.234
895,Delly,Edgin,dedginou@sohu.com,Genderfluid,239.110.195.125
896,Garwood,Do Rosario,gdorosarioov@360.cn,Male,55.228.185.8
897,Balduin,Riddell,briddellow@sourceforge.net,Male,60.111.48.78
898,Gael,Haig,ghaigox@mozilla.com,Male,236.5.103.77
899,Layton,McClure,lmcclureoy@zimbio.com,Male,195.55.217.76
900,Paxon,Tipple,ptippleoz@blogger.com,Male,175.38.207.198
901,Fran,Bing,fbingp0@tiny.cc,Female,196.149.226.47
902,Barton,Manketell,bmanketellp1@live.com,Male,211.125.116.34
903,Colet,Gauntlett,cgauntlettp2@google.com.br,Male,228.193.9.236
904,Prudy,Gallaway,pgallawayp3@google.com.br,Female,46.203.139.106
905,Rene,Lattimore,rlattimorep4@harvard.edu,Male,66.3.41.135
906,Iosep,Letty,ilettyp5@hc360.com,Male,5.76.107.31
907,Taber,Sharpous,tsharpousp6@sitemeter.com,Male,42.11.10.103
908,Ikey,Simko,isimkop7@theglobeandmail.com,Male,148.73.100.217
909,Niel,Presnall,npresnallp8@yellowpages.com,Male,248.101.188.125
910,Whittaker,Ryan,wryanp9@cmu.edu,Agender,12.140.142.149
911,Rafaelia,Dmitriev,rdmitrievpa@msn.com,Female,194.74.106.211
912,Sollie,Crepel,screpelpb@ibm.com,Male,38.216.172.165
913,Fleming,Poel,fpoelpc@bravesites.com,Male,111.63.15.61
914,Lucias,Draijer,ldraijerpd@patch.com,Male,152.235.84.236
915,Jenine,Ryson,jrysonpe@1688.com,Female,205.195.143.234
916,Harland,Litton,hlittonpf@wsj.com,Male,161.150.89.139
917,Kincaid,Tether,ktetherpg@twitter.com,Male,1.147.136.72
918,Isidora,Alejandri,ialejandriph@nytimes.com,Female,130.11.143.49
919,Brennen,Fullegar,bfullegarpi@prweb.com,Male,168.37.206.29
920,Genny,Farrent,gfarrentpj@netvibes.com,Non-binary,160.242.75.220
921,Bink,Churn,bchurnpk@bloomberg.com,Male,166.67.251.220
922,Yank,Camps,ycampspl@diigo.com,Male,220.81.147.132
923,Didi,Hane,dhanepm@bluehost.com,Female,52.252.240.17
924,Luella,Bendixen,lbendixenpn@sohu.com,Female,156.29.142.111
925,Carry,Neilson,cneilsonpo@paginegialle.it,Female,99.241.122.165
926,Hy,Pearde,hpeardepp@sphinn.com,Male,27.159.116.70
927,Brendin,Watmore,bwatmorepq@amazon.de,Male,29.47.141.202
928,Theda,Kmiec,tkmiecpr@addthis.com,Bigender,252.233.8.255
929,Theresita,Tussaine,ttussaineps@networksolutions.com,Female,107.219.1.164
930,Pasquale,Reddoch,preddochpt@clickbank.net,Male,47.75.64.111
931,Jean,Huc,jhucpu@sciencedaily.com,Male,73.148.248.36
932,Devina,MacGall,dmacgallpv@ihg.com,Female,218.221.15.206
933,Domeniga,Falkous,dfalkouspw@deviantart.com,Female,99.138.52.0
934,Wally,Slisby,wslisbypx@arstechnica.com,Female,151.55.10.74
935,Juana,Choupin,jchoupinpy@wufoo.com,Female,163.134.99.49
936,Con,Hagwood,chagwoodpz@reddit.com,Male,240.188.17.211
937,Vail,Savil,vsavilq0@ucoz.ru,Male,78.143.72.36
938,Gayel,Simmill,gsimmillq1@rakuten.co.jp,Female,129.95.24.25
939,Hunfredo,Vassman,hvassmanq2@odnoklassniki.ru,Male,75.196.119.76
940,Walliw,Ashingden,washingdenq3@bigcartel.com,Female,136.5.228.208
941,Ariana,Rivelin,arivelinq4@freewebs.com,Bigender,85.165.145.35
942,Hardy,Dell Casa,hdellcasaq5@dropbox.com,Male,202.118.169.181
943,Trish,Zecchini,tzecchiniq6@weebly.com,Female,20.83.224.220
944,Park,Cran,pcranq7@facebook.com,Bigender,107.159.199.156
945,Tyler,Conws,tconwsq8@wp.com,Male,68.21.25.31
946,Lazare,Boltwood,lboltwoodq9@stanford.edu,Male,242.180.85.116
947,Gard,Monahan,gmonahanqa@about.me,Male,162.196.202.59
948,Giles,Riglesford,griglesfordqb@soup.io,Male,157.233.5.64
949,Anatol,Lucus,alucusqc@washington.edu,Male,10.202.89.73
950,Carmelita,Steffans,csteffansqd@symantec.com,Female,156.37.82.18
951,Adrian,Sparwell,asparwellqe@indiatimes.com,Female,182.152.220.113
952,Glennie,Klimowicz,gklimowiczqf@geocities.com,Female,253.7.247.28
953,Pebrook,Denyakin,pdenyakinqg@flickr.com,Male,42.218.218.75
954,Ignazio,Cory,icoryqh@businessinsider.com,Male,43.160.236.185
955,Thurston,Golder,tgolderqi@cyberchimps.com,Male,18.57.54.15
956,Dolley,Donan,ddonanqj@economist.com,Female,175.139.103.233
957,Shelbi,Paddeley,spaddeleyqk@accuweather.com,Female,34.224.32.59
958,Whitney,Bartleet,wbartleetql@cornell.edu,Male,42.112.49.159
959,Duncan,Weadick,dweadickqm@engadget.com,Male,77.164.148.88
960,Dorey,Titley,dtitleyqn@fastcompany.com,Male,222.8.247.194
961,Dawna,Eccleston,decclestonqo@booking.com,Female,185.242.153.68
962,Alisun,Willbourne,awillbourneqp@networksolutions.com,Female,78.162.147.171
963,Maxim,Redish,mredishqq@mozilla.org,Male,89.98.243.105
964,Odetta,Lowden,olowdenqr@latimes.com,Female,58.24.142.71
965,Norris,Bevar,nbevarqs@army.mil,Male,232.39.46.49
966,Pierce,Mallord,pmallordqt@topsy.com,Male,235.51.168.34
967,Wanda,Danett,wdanettqu@mysql.com,Non-binary,215.197.111.76
968,Flora,Ivakhno,fivakhnoqv@techcrunch.com,Female,178.68.245.103
969,Tyrone,Smails,tsmailsqw@cmu.edu,Male,158.172.174.167
970,Arlan,Pallaske,apallaskeqx@i2i.jp,Male,90.244.158.175
971,Dolley,MacCurtain,dmaccurtainqy@sina.com.cn,Female,5.66.144.194
972,Sheri,Tidy,stidyqz@sourceforge.net,Female,199.74.144.125
973,Franchot,Amerighi,famerighir0@netscape.com,Male,193.155.233.214
974,Sigismundo,Scotsbrook,sscotsbrookr1@latimes.com,Male,100.195.62.170
975,Traver,Staddom,tstaddomr2@php.net,Male,93.145.94.190
976,Kincaid,Seegar,kseegarr3@arizona.edu,Male,179.159.152.24
977,Lexy,Farncombe,lfarncomber4@wikimedia.org,Female,217.196.107.27
978,Robina,Casellas,rcasellasr5@studiopress.com,Female,193.31.254.5
979,Mycah,Mahady,mmahadyr6@cargocollective.com,Male,230.110.253.19
980,Duff,Kyd,dkydr7@naver.com,Male,224.95.128.136
981,Sidney,Briton,sbritonr8@cnn.com,Male,29.114.166.151
982,Granthem,Kobelt,gkobeltr9@hugedomains.com,Male,13.43.236.3
983,Tatum,Ruggier,truggierra@blogs.com,Female,211.250.225.237
984,Martin,Kornyshev,mkornyshevrb@shutterfly.com,Male,114.104.121.152
985,Ardelia,Treen,atreenrc@technorati.com,Female,140.67.178.217
986,Fran,Davidson,fdavidsonrd@wisc.edu,Male,95.174.17.188
987,Bancroft,Brattan,bbrattanre@opera.com,Genderfluid,92.86.72.233
988,Jaquenetta,Tidbald,jtidbaldrf@gravatar.com,Female,30.70.53.3
989,Pat,Brelsford,pbrelsfordrg@g.co,Bigender,64.73.156.155
990,Perry,Stede,pstederh@barnesandnoble.com,Female,33.139.132.146
991,Mandel,Amberson,mambersonri@timesonline.co.uk,Male,252.135.63.125
992,Ripley,Ciccarello,rciccarellorj@mapquest.com,Male,202.213.114.254
993,Shirley,Wapples,swapplesrk@sitemeter.com,Female,89.234.163.243
994,Dorree,Cluet,dcluetrl@princeton.edu,Genderqueer,130.184.147.41
995,Frederick,Border,fborderrm@360.cn,Male,17.54.107.174
996,Ginevra,Stimpson,gstimpsonrn@slashdot.org,Female,214.201.45.157
997,Doti,Tofanelli,dtofanelliro@desdev.cn,Female,225.98.240.82
998,Billie,Yukhov,byukhovrp@cnn.com,Female,4.94.54.190
999,Nicky,Zimek,nzimekrq@phoca.cz,Female,9.7.45.193
1000,Brocky,Gontier,bgontierrr@domainmarket.com,Male,246.236.23.78
